id,artist
iwl,Vincent van Gogh
czj,Rembrandt
arp,Amedeo Modigliani
oqj,Amedeo Modigliani
lxr,Edgar Degas
den,Francisco Goya
tcg,Vincent van Gogh
lue,Pierre-Auguste Renoir
prd,Vincent van Gogh
eiv,Titian
rsl,Mikhail Vrubel
ynd,Edgar Degas
qbq,Alfred Sisley
dje,Pierre-Auguste Renoir
uuy,Joan Miro
vmt,Albrecht Du rer
npq,Frida Kahlo
nep,Edgar Degas
iaj,Edouard Manet
rct,Vincent van Gogh
trx,Amedeo Modigliani
sjl,Paul Gauguin
dhc,Vincent van Gogh
pur,Joan Miro
bbn,Edgar Degas
thy,Alfred Sisley
unk,Edgar Degas
wcm,Pablo Picasso
mhc,Mikhail Vrubel
rqy,Caravaggio
vuu,Kazimir Malevich
gqn,Vincent van Gogh
phz,Rembrandt
ndx,William Turner
kjx,Francisco Goya
zjl,Pablo Picasso
ulu,Vincent van Gogh
ekw,Titian
pki,Rembrandt
fjv,Joan Miro
ail,Piet Mondrian
qhz,Edgar Degas
fok,Gustave Courbet
dfe,Gustav Klimt
yre,Vincent van Gogh
ckw,Edgar Degas
ifr,Vincent van Gogh
ndt,Vincent van Gogh
uzp,Edgar Degas
tsf,Albrecht Du rer
tnt,Edgar Degas
dsw,Titian
fbz,Titian
kzo,Paul Gauguin
wgt,Andy Warhol
wfn,Edgar Degas
goz,Paul Gauguin
wkh,Alfred Sisley
lza,Vincent van Gogh
wwj,Vincent van Gogh
zbx,Vincent van Gogh
ina,Henri Matisse
axr,Pierre-Auguste Renoir
gbp,Edgar Degas
qbb,Pierre-Auguste Renoir
ikg,Francisco Goya
bcq,Edgar Degas
csf,Alfred Sisley
oum,Paul Gauguin
mvu,Pablo Picasso
vpq,Rembrandt
pvo,Salvador Dali
anr,Edgar Degas
bsc,Francisco Goya
epa,Rene Magritte
vmu,Paul Gauguin
jmx,Marc Chagall
igg,Alfred Sisley
bzy,Paul Gauguin
wyd,Andy Warhol
doz,Rene Magritte
ebo,Vincent van Gogh
bse,Edgar Degas
fig,Pierre-Auguste Renoir
lib,Claude Monet
brw,Henri Matisse
juu,Piet Mondrian
gcm,Vincent van Gogh
jnb,Joan Miro
bvb,Henri de Toulouse-Lautrec
kfy,Pierre-Auguste Renoir
ohr,Paul Gauguin
plr,El Greco
jaq,Francisco Goya
cqu,Rene Magritte
jvc,Vincent van Gogh
zjg,Pierre-Auguste Renoir
vfl,Francisco Goya
thi,Paul Gauguin
kti,Salvador Dali
grr,Vincent van Gogh
lbu,Frida Kahlo
iez,Amedeo Modigliani
jpr,Paul Klee
trn,Titian
urd,Claude Monet
ggr,Hieronymus Bosch
vyq,Edouard Manet
qvr,Pierre-Auguste Renoir
lvo,Peter Paul Rubens
sfm,Andy Warhol
pfr,Edgar Degas
twc,Vincent van Gogh
gsq,Andy Warhol
lpw,Andy Warhol
aex,Joan Miro
tdg,Albrecht Du rer
emq,Vincent van Gogh
bgl,Francisco Goya
zri,Edgar Degas
twi,El Greco
pea,Henri Matisse
ecv,Hieronymus Bosch
lso,Joan Miro
wqq,Vincent van Gogh
ubj,Francisco Goya
qyh,Vincent van Gogh
kox,Andy Warhol
pne,Vincent van Gogh
yih,Andy Warhol
xdw,Pablo Picasso
ykw,Albrecht Du rer
sjr,Pieter Bruegel
jdp,Gustav Klimt
rhb,Henri Matisse
wcu,Vincent van Gogh
myq,Vincent van Gogh
mdt,Alfred Sisley
usc,Pablo Picasso
dnt,Camille Pissarro
mov,Rembrandt
iqp,Diego Rivera
xjd,Vincent van Gogh
avi,Albrecht Du rer
iym,Mikhail Vrubel
mrz,Pierre-Auguste Renoir
twf,Andy Warhol
vys,Francisco Goya
fqm,Pablo Picasso
xho,Vincent van Gogh
qry,Rene Magritte
kza,Alfred Sisley
hys,Mikhail Vrubel
lst,Vincent van Gogh
tve,Andy Warhol
kvb,Alfred Sisley
wnp,Pablo Picasso
sud,Amedeo Modigliani
xmr,Pablo Picasso
axj,Vincent van Gogh
eeg,Andy Warhol
rey,Edgar Degas
yji,Peter Paul Rubens
hcv,Edouard Manet
apr,Paul Gauguin
nxx,Edouard Manet
ubd,Henri Rousseau
xcn,Vincent van Gogh
tef,Edgar Degas
aam,Albrecht Du rer
vec,Pierre-Auguste Renoir
gbi,Vincent van Gogh
rot,Vincent van Gogh
ntk,Vincent van Gogh
sxy,Andy Warhol
mpq,Kazimir Malevich
xuw,Edgar Degas
hfr,Peter Paul Rubens
olr,Sandro Botticelli
nqx,Paul Gauguin
fxq,Alfred Sisley
dmi,Titian
aww,Vincent van Gogh
nkh,Alfred Sisley
aml,Henri de Toulouse-Lautrec
bhi,Gustav Klimt
hot,Paul Gauguin
xeh,Vincent van Gogh
akn,Edgar Degas
eqp,Pablo Picasso
axs,Kazimir Malevich
jgh,Frida Kahlo
rec,Edgar Degas
wmd,Rene Magritte
mra,Vincent van Gogh
nvi,Paul Gauguin
cxf,Pierre-Auguste Renoir
tmu,Titian
xwl,Andy Warhol
cny,Edgar Degas
yqq,Paul Gauguin
pph,Paul Gauguin
oac,Albrecht Du rer
bcx,Paul Gauguin
bih,Marc Chagall
omz,Edgar Degas
dqy,Diego Velazquez
ufy,Rembrandt
rjx,Marc Chagall
mfw,Hieronymus Bosch
ehr,Mikhail Vrubel
iew,Edgar Degas
xdi,Vincent van Gogh
wuw,Caravaggio
emo,Vincent van Gogh
hxo,Leonardo da Vinci
wju,Rembrandt
ffb,Kazimir Malevich
nto,Titian
ycp,Edouard Manet
nyr,Alfred Sisley
zbn,Sandro Botticelli
cgg,Edgar Degas
hna,Salvador Dali
qzt,Jan van Eyck
nkb,Jackson Pollock
wlu,El Greco
hpr,Vincent van Gogh
qvt,Edgar Degas
kod,Vincent van Gogh
jyd,Albrecht Du rer
csw,Vincent van Gogh
ubp,Rene Magritte
izu,Gustave Courbet
oqx,Andrei Rublev
vhr,Caravaggio
jxj,Albrecht Du rer
rcg,Vincent van Gogh
ylr,Sandro Botticelli
shq,Pablo Picasso
xbf,Francisco Goya
fmy,Marc Chagall
aqj,Pierre-Auguste Renoir
ein,Amedeo Modigliani
fvl,Pablo Picasso
wil,Camille Pissarro
xmk,Vincent van Gogh
lsn,Joan Miro
jvb,Francisco Goya
jqg,Kazimir Malevich
vxt,Edgar Degas
rqw,Vincent van Gogh
tiu,Henri Matisse
qbs,Pierre-Auguste Renoir
hrj,Frida Kahlo
zxf,Vincent van Gogh
hmi,Hieronymus Bosch
onc,Joan Miro
rhw,Henri Rousseau
cab,Edgar Degas
agf,Mikhail Vrubel
jwb,Pablo Picasso
rtd,Sandro Botticelli
rhu,Amedeo Modigliani
low,Marc Chagall
hsw,Rembrandt
wdy,Joan Miro
uco,Titian
odp,Andy Warhol
eds,Vincent van Gogh
oyi,Vincent van Gogh
drc,Marc Chagall
zzy,Paul Gauguin
uwv,Leonardo da Vinci
itc,Francisco Goya
htx,Titian
jmp,Edgar Degas
htw,Vincent van Gogh
qih,Francisco Goya
cme,Vincent van Gogh
ofz,Albrecht Du rer
jex,Georges Seurat
hzm,William Turner
ipa,Henri de Toulouse-Lautrec
gnc,Caravaggio
fgh,Alfred Sisley
quw,Vincent van Gogh
acx,Vincent van Gogh
epg,Alfred Sisley
jfw,Salvador Dali
jva,Pierre-Auguste Renoir
nqr,Francisco Goya
tdw,Titian
jcd,Pierre-Auguste Renoir
qeb,El Greco
jbb,Paul Gauguin
ane,Vincent van Gogh
lil,Pablo Picasso
kba,Kazimir Malevich
xlb,Mikhail Vrubel
nat,Vincent van Gogh
uky,Henri Matisse
mmd,Leonardo da Vinci
rii,Rembrandt
tkv,Vincent van Gogh
eqj,Albrecht Du rer
rtb,Alfred Sisley
sfu,Edgar Degas
qsu,Rembrandt
ovm,Amedeo Modigliani
pll,Edgar Degas
aug,Titian
vvc,Edgar Degas
ovt,Diego Velazquez
kzq,Edgar Degas
igm,Francisco Goya
mcz,Vincent van Gogh
wht,Henri Rousseau
uln,Vincent van Gogh
lme,Francisco Goya
udf,Rembrandt
add,Giotto di Bondone
hqu,Piet Mondrian
pyz,Joan Miro
oxh,Hieronymus Bosch
ziq,Michelangelo
tuu,Kazimir Malevich
tvw,Alfred Sisley
glv,Andy Warhol
tjc,Pieter Bruegel
vuc,Andy Warhol
jto,Pablo Picasso
mdp,Vincent van Gogh
rcx,Joan Miro
jok,Rene Magritte
tln,Pablo Picasso
pkc,Edgar Degas
qpn,Vincent van Gogh
yja,Alfred Sisley
orp,Alfred Sisley
ugi,Pablo Picasso
gas,Paul Gauguin
gza,Hieronymus Bosch
zae,Kazimir Malevich
mtg,Vincent van Gogh
fjh,Joan Miro
lhv,Mikhail Vrubel
fwc,Vasiliy Kandinskiy
suv,Francisco Goya
tnw,Titian
hpd,Frida Kahlo
mau,Vincent van Gogh
dbh,Vincent van Gogh
mqd,Vincent van Gogh
dvn,Titian
stq,Frida Kahlo
bex,Gustave Courbet
xuu,Edgar Degas
rvq,Paul Gauguin
xlq,Vincent van Gogh
cvk,Vincent van Gogh
bac,Henri Matisse
ust,Edgar Degas
tfu,Albrecht Du rer
bre,Giotto di Bondone
arc,Vincent van Gogh
dxt,Pablo Picasso
kjy,Vincent van Gogh
wpp,Edgar Degas
gxw,Vincent van Gogh
uoh,Edgar Degas
jzs,Albrecht Du rer
gpv,Marc Chagall
otp,Piet Mondrian
dye,Vincent van Gogh
anb,Gustav Klimt
waj,Marc Chagall
bms,Pablo Picasso
eaq,Vincent van Gogh
yyg,Andy Warhol
mfh,Sandro Botticelli
mph,Salvador Dali
hab,Titian
xuq,Francisco Goya
eyj,Alfred Sisley
bbm,Rembrandt
sgb,Peter Paul Rubens
ijo,Paul Gauguin
uod,Rembrandt
tys,Titian
yya,Edgar Degas
zmz,El Greco
tfs,Hieronymus Bosch
iwc,Alfred Sisley
zpw,Frida Kahlo
gvj,Francisco Goya
xiw,Jan van Eyck
oqm,Pablo Picasso
zvz,Pierre-Auguste Renoir
dyc,Vincent van Gogh
tnc,Salvador Dali
tsi,Camille Pissarro
coh,El Greco
hor,Pablo Picasso
blj,Vincent van Gogh
bdx,Rene Magritte
oow,Francisco Goya
kik,Alfred Sisley
wck,Paul Klee
ynx,Francisco Goya
hvx,Edvard Munch
txh,Marc Chagall
lpy,Marc Chagall
dmy,Amedeo Modigliani
vho,Paul Gauguin
lhf,Vincent van Gogh
tan,Pierre-Auguste Renoir
zmc,Edgar Degas
nbj,Paul Gauguin
mxu,Rembrandt
rrz,El Greco
paw,El Greco
cmy,Rembrandt
sbf,Frida Kahlo
skl,Francisco Goya
skq,Rembrandt
ksf,Joan Miro
qpq,Salvador Dali
pon,Pablo Picasso
iwn,Paul Klee
rzd,Pieter Bruegel
kny,Kazimir Malevich
ema,Pablo Picasso
puc,Gustav Klimt
wea,Vincent van Gogh
lbn,Francisco Goya
xoh,Pablo Picasso
ity,Salvador Dali
ofl,Marc Chagall
kkr,Paul Gauguin
cbn,Marc Chagall
usl,Edgar Degas
enq,Alfred Sisley
see,Salvador Dali
utp,Edgar Degas
iqq,Vasiliy Kandinskiy
neh,Rene Magritte
chu,Mikhail Vrubel
keb,Mikhail Vrubel
vto,Titian
mda,William Turner
lgm,Albrecht Du rer
dxs,El Greco
jli,Mikhail Vrubel
jmy,Pierre-Auguste Renoir
zqq,Andy Warhol
yac,Paul Gauguin
xol,Edgar Degas
wqc,Albrecht Du rer
dqd,Alfred Sisley
zdl,Vincent van Gogh
aow,Paul Gauguin
lkw,Alfred Sisley
qmj,El Greco
ppx,Salvador Dali
ztn,Henri Rousseau
vyh,Peter Paul Rubens
bpg,Vincent van Gogh
qxz,Gustav Klimt
hxq,Vincent van Gogh
zja,Alfred Sisley
gqt,Andy Warhol
owt,Piet Mondrian
sas,Rene Magritte
nxo,Vincent van Gogh
kpq,Paul Gauguin
dxf,Joan Miro
byj,Sandro Botticelli
hgv,Michelangelo
oho,Henri Rousseau
lkn,Francisco Goya
pzu,Sandro Botticelli
tfh,Rembrandt
owm,Kazimir Malevich
nll,Henri Matisse
hjj,Vincent van Gogh
bra,Henri Matisse
pas,Frida Kahlo
exm,Leonardo da Vinci
ssi,Piet Mondrian
brq,Paul Gauguin
cqk,Albrecht Du rer
bfv,Alfred Sisley
ikn,Salvador Dali
frz,Pablo Picasso
tds,Pierre-Auguste Renoir
krw,Francisco Goya
nwc,Mikhail Vrubel
llg,Pieter Bruegel
jed,Vincent van Gogh
gae,Vincent van Gogh
xaq,Paul Gauguin
xpp,Vincent van Gogh
ldu,Edouard Manet
rji,Camille Pissarro
hdf,Francisco Goya
bxr,Pablo Picasso
rzh,El Greco
pwx,Vincent van Gogh
mih,Francisco Goya
qtc,Vincent van Gogh
vql,Vincent van Gogh
uzb,Joan Miro
bct,Marc Chagall
evt,Vincent van Gogh
cpk,Vincent van Gogh
xsi,Vincent van Gogh
lkv,Amedeo Modigliani
cqr,Vincent van Gogh
yyx,Rembrandt
xgg,Marc Chagall
isf,Pablo Picasso
rum,Pablo Picasso
que,Albrecht Du rer
caf,Henri Rousseau
ipe,Hieronymus Bosch
nse,Claude Monet
ywt,Pierre-Auguste Renoir
pez,Andrei Rublev
kbr,Pablo Picasso
idw,Rene Magritte
bdh,Piet Mondrian
tjo,Henri Rousseau
rkf,Alfred Sisley
czp,Vincent van Gogh
gff,Rene Magritte
klq,Giotto di Bondone
uai,Salvador Dali
jme,Amedeo Modigliani
nzx,Francisco Goya
bxn,Frida Kahlo
ula,Rembrandt
upz,Pierre-Auguste Renoir
ioi,Pierre-Auguste Renoir
fkm,Rembrandt
uiq,Titian
gga,Gustav Klimt
yrr,Mikhail Vrubel
nkq,El Greco
vfu,Vincent van Gogh
nii,Vincent van Gogh
trv,Vincent van Gogh
gmd,Henri Matisse
tos,El Greco
doi,Vincent van Gogh
dqx,Leonardo da Vinci
uqs,Pablo Picasso
rgy,Edgar Degas
csx,Pablo Picasso
vop,Rene Magritte
hqr,Vincent van Gogh
myp,Georges Seurat
pdx,Vincent van Gogh
jyz,Vincent van Gogh
xfa,Joan Miro
umu,Edgar Degas
qlc,Vincent van Gogh
nxd,Rene Magritte
pgk,Vincent van Gogh
pju,Alfred Sisley
dpe,Vincent van Gogh
vci,Joan Miro
jsm,Francisco Goya
vdv,Edgar Degas
puz,Albrecht Du rer
pzl,Joan Miro
eub,Paul Klee
kqu,Rembrandt
eap,Edgar Degas
uuu,Rembrandt
vqn,Vincent van Gogh
kme,Amedeo Modigliani
rpl,Vincent van Gogh
vjp,Joan Miro
xzw,Pablo Picasso
osx,Mikhail Vrubel
jao,Pierre-Auguste Renoir
acy,Pablo Picasso
ccb,Pablo Picasso
uex,Pablo Picasso
avr,Paul Gauguin
sox,Sandro Botticelli
erx,Pablo Picasso
sux,Rembrandt
fuf,Andy Warhol
qaq,Vincent van Gogh
gzd,Henri Matisse
ymr,Edgar Degas
muu,Francisco Goya
oqn,Marc Chagall
